"SSBmin","SSBmax","mid","runmin","runmax","runmid"
311184.457997762,1550883.1527175,858038.386423801,"5-1","1-5","2-2"
