"SSBmin","SSBmax","mid","runmin","runmax","runmid"
233122.648530714,1545256.91361398,833824.856352856,"5-1","1-5","2-1"
