"incpt","slp","adj"
139482.707564733,0.378286338688197,"JMC"
177193.540429722,0.184425110839867,"Realized"
