"logRinit","logh","logMinit","logSDsurv","logSDR","logphi_catch"
14.543,-0.145394626195752,-1.54379999585323,-1.34655070780058,0.336472236621213,-0.156727
