"SSBmin","SSBmax","mid","runmin","runmax","runmid"
298134.928434798,1421828.66917685,842897.278031147,"5-1","1-3","3-4"
